categorie;niveau;mot
mot a dessiner;Facile;Montre
mot a dessiner;Facile;Pêcheur
mot a dessiner;Facile;Écureuil 
mot a dessiner;Facile;Baleine
mot a dessiner;Facile;Souris
mot a dessiner;Facile;Hippocampe
mot a dessiner;Facile;Ruche
mot a dessiner;Facile;Ordinateur
mot a dessiner;Facile;Niche
mot a dessiner;Facile;Mamie
mot a dessiner;Facile;Dinosaure
mot a dessiner;Facile;Pêcher
mot a dessiner;Facile;Limousine 
mot a dessiner;Facile;Chevalier
mot a dessiner;Facile;Oeuf de Pâques 
mot a dessiner;Facile;Bonhomme de neige
mot a dessiner;Facile;Poireau
mot a dessiner;Facile;Cravate 
mot a dessiner;Facile;Robe de mariée
mot a dessiner;Facile;Pyjama
mot a dessiner;Facile;Bague
mot a dessiner;Facile;Varicelle
mot a dessiner;Facile;Lion
mot a dessiner;Facile;Barbe
mot a dessiner;Facile;Pizza
mot a dessiner;Facile;Ciseaux
mot a dessiner;Facile;Trousse
mot a dessiner;Facile;Rouge à lèvres
mot a dessiner;Facile;Écharpe
mot a dessiner;Facile;Chaise
mot a dessiner;Facile;Cadeau
mot a dessiner;Facile;Ballon
mot a dessiner;Facile;Lunettes
mot a dessiner;Facile;Arrosoir
mot a dessiner;Facile;Index
mot a dessiner;Facile;Genou
mot a dessiner;Facile;Domino
mot a dessiner;Facile;Pirate
mot a dessiner;Facile;Magicien
mot a dessiner;Facile;Père Noël
mot a dessiner;Facile;Momie
mot a dessiner;Facile;Cirque
mot a dessiner;Facile;Fourchette
mot a dessiner;Facile;Poubelle
mot a dessiner;Facile;Crocodile
mot a dessiner;Facile;Glace
mot a dessiner;Facile;Coffre-fort
mot a dessiner;Facile;Igloo
mot a dessiner;Facile;Tour Eiffel
mot a dessiner;Facile;Notre Dame
mot a dessiner;Facile;Prise électrique
mot a dessiner;Facile;Calendrier
mot a dessiner;Facile;Cheminée
mot a dessiner;Facile;Chaussette
mot a dessiner;Facile;Jeu de cartes
mot a dessiner;Facile;Pétanque
mot a dessiner;Difficile;Autostop
mot a dessiner;Difficile;Sage-femme 
mot a dessiner;Difficile;Plombier
mot a dessiner;Difficile;Président de la république
mot a dessiner;Difficile;Marionnettiste
mot a dessiner;Difficile;Berger
mot a dessiner;Difficile;Génie
mot a dessiner;Difficile;Esthéticienne
mot a dessiner;Difficile;Printemps
mot a dessiner;Difficile;Artichaut 
mot a dessiner;Difficile;Pâte à modeler
mot a dessiner;Difficile;Farine
mot a dessiner;Difficile;Mayonnaise
mot a dessiner;Difficile;Twitter
mot a dessiner;Difficile;Lampe à huile
mot a dessiner;Difficile;Huître
mot a dessiner;Difficile;Moule
mot a dessiner;Difficile;Chou de bruxelles
mot a dessiner;Difficile;Tailleur
mot a dessiner;Difficile;Déménager
mot a dessiner;Difficile;Ramper
mot a dessiner;Difficile;Neveu
mot a dessiner;Difficile;Acteur
mot a dessiner;Difficile;Ours polaire
mot a dessiner;Difficile;Samedi
mot a dessiner;Difficile;Halloween
mot a dessiner;Difficile;Spéléologie
mot a dessiner;Difficile;Perroquet
mot a dessiner;Difficile;Éternuer
mot a dessiner;Difficile;Judo
mot a dessiner;Difficile;Curling
mot a dessiner;Difficile;Formule 1
mot a dessiner;Difficile;Réalisateur
mot a dessiner;Difficile;Mammouth
mot a dessiner;Difficile;Fourmilier
mot a dessiner;Difficile;Chirurgien
mot a dessiner;Difficile;Mannequin
mot a dessiner;Difficile;Hockey sur gazon
mot a dessiner;Difficile;Oursin
mot a dessiner;Difficile;Cachalot
mot a dessiner;Difficile;Distributeur
mot a dessiner;Difficile;Squash
mot à dessiner;Actions;Accoucher
mot à dessiner;Actions;Sauter à la corde
mot à dessiner;Actions;Faire la vaisselle
mot à dessiner;Actions;Livrer un colis
mot à dessiner;Actions;Jouer du ukulélé
mot à dessiner;Actions;Faire des crèpes
mot à dessiner;Actions;Traire une vache
mot à dessiner;Actions;Manger un hamburger
mot à dessiner;Actions;Lire un livre en braille
mot à dessiner;Actions;Chanter la Marseillaise
mot à dessiner;Actions;Écrire un SMS
mot à dessiner;Actions;Couper du bois
mot à dessiner;Actions;Avoir mal aux dents
mot à dessiner;Actions;Faire une raclette
mot à dessiner;Actions;Sortir le chien
mot à dessiner;Actions;Sauter en parachute
mot à dessiner;Actions;Regarder la télé
mot à dessiner;Actions;Grimper à un arbre
mot à dessiner;Actions;Sauter du plongeoir
mot à dessiner;Actions;Jouer aux lego
mot à dessiner;Actions;Lire dans les lignes de la main 
mot à dessiner;Actions;Se laver les dents
mot à dessiner;Actions;Se coiffer les cheveux
mot à dessiner;Actions;Allumer une bougie
mot à dessiner;Actions;Étendre le linge
mot à dessiner;Actions;Tomber amoureux
mot à dessiner;Actions;Jouer au poker
mot à dessiner;Actions;Faire ses devoirs
mot à dessiner;Actions;Cueillir des pommes
mot à dessiner;Actions;Ramasser des champignons
mot à dessiner;Actions;Changer un bébé
mot à dessiner;Actions;Danser le tango
mot à dessiner;Actions;Claquer une porte
mot à dessiner;Actions;Avoir une idée
mot à dessiner;Actions;Courir un marathon
mot à dessiner;Actions;Tondre la pelouse
mot à dessiner;Actions;Être en retard
mot à dessiner;Expressions;Pierre qui roule n'amasse pas mousse
mot à dessiner;Expressions;Un de ces quatre
mot à dessiner;Expressions;Les doigts dans le nez
mot à dessiner;Expressions;Vouloir le beurre et l'argent du beurre
mot à dessiner;Expressions;Toucher du bois
mot à dessiner;Expressions;Regarder les mouches voler
mot à dessiner;Expressions;Pisser dans un violon
mot à dessiner;Expressions;Dormir sur ses deux oreilles
mot à dessiner;Expressions;Prendre son pied
mot à dessiner;Expressions;L'habit ne fait pas le moine
mot à dessiner;Expressions;Poser un lapin
mot à dessiner;Expressions;Cucul la praline
mot à dessiner;Expressions;Au ras des pâquerettes
mot à dessiner;Expressions;Pleurer à chaudes larmes
mot à dessiner;Expressions;Tomber dans les pommes
mot à dessiner;Expressions;C'est bonnet blanc et blanc bonnet
mot à dessiner;Expressions;Un froid de canard
mot à dessiner;Expressions;Tourner autour du pot
mot à dessiner;Expressions;Point barre 
mot à dessiner;Expressions;Avoir plusieurs cordes à son arc
mot à dessiner;Expressions;Être la cinquième roue du carrosse 
mot à dessiner;Expressions;Prendre le taureau par les cornes
mot à dessiner;Expressions;Appuyer sur le champignon
mot à dessiner;Expressions;Sans queue ni tête
mot à dessiner;Expressions;Ne pas avoir les yeux en face des trous
mot à dessiner;Expressions;L'arbre qui cache la forêt
mot à dessiner;Expressions;Les bras m'en tombent !
mot à dessiner;Expressions;Au pied de la lettre
mot à dessiner;Expressions;En avoir par dessus la tête
